occurrenceID,env_broad_scale,env_local_scale,env_medium_scale,DNA_Sequence,SOP,target_gene,pcr_primer_forward,pcr_primer_name_forward,pcr_primer_reverse,pcr_primer_name_reverse,pcr_primer_reference,lib_layout,seq_meth,tax_class,otu_db,otu_class_appr
ARMS_Gdynia_GDY1_20180813_20191029_SF38_DMSO_r1:ASV_1:688d5e22286ab575831dfbbf494c633e58aa3e6e,marine benthic biome [ENVO_01000024]; marine park area [ENVO:00000362],rocky reef [ENVO:00000130],marine subtidal rocky reef biome [ENVO:01000050],TCTATCAAGTAATATTGCACATTCTGGTGCTTCTGTAGATTTATCTATTTTTTCTTTACACTTAGCCGGGGCATCTTCAATTTTAGGAGCAATTAACTTTATATCAACAGTAATTAATATACGATCTGAAACTCTTACTTTTGACCGACTTCCTTTATTTGTTTGAAGTGTATTTATTACCGTAATTTTACTTCTTTTATCATTACCTGTTTTAGCTGGTGCTATTACAATATTATTAACTGACCGTAACTTAAACACTTCTTTTTTTGACCCTACTGGTGGGGGAGACCCAATTTTATATCAACATTTATTC,https://github.com/arms-mbon/documentation/tree/main/standard_operating_procedures/ARMS_MolecularSOPs_v1.0.pdf | https://hariszaf.github.io/pema_documentation/ | https://github.com/arms-mbon/analysis_release_001/tree/main/parameter_files,COI,GGWACWGGWTGAACWGTWTAYCCYCC,mlCOIintF,TAIACYTCIGGRTGICCRAARAAYCA,jgHCO2198,Hardy et al. 2010 https://onlinelibrary.wiley.com/doi/10.1111/j.1365-294X.2009.04411.x,paired,MiSeq,RDP classifier; confidence cutoff 0.8; ref db Midori v2|PEMA v2.1.4 https://github.com/hariszaf/pema ; https://github.com/arms-mbon/analysis_release_001/tree/main/parameter_files |Midori v2|swarm2; d = 10,Midori v2,swarm2; d = 10
ARMS_Gdynia_GDY1_20180813_20191029_SF38_DMSO_r1:ASV_2:511c7007a6238c914707d00bf365854f4f131f2a,marine benthic biome [ENVO_01000024]; marine park area [ENVO:00000362],rocky reef [ENVO:00000130],marine subtidal rocky reef biome [ENVO:01000050],TCTTTCTTCCAATATTGCTCACAGAGGGGCAAGAGTAGACCTAGCAATTTTCTCTCTTCATCTAGCTGGTGTTTCATCAATTTTAGGTGCTATTAATTTCATAACAACAATTATTAATATACGGGGTTCTAAAATAAGGTTTACTCGTATTACTTTATTCTGTTGATCTGTATTTATTACTGCATTACTTTTGCTATTGTCCTTACCAGTACTTGCAGGGGCTATTACGATGCTTTTAACAGACCGTAATCTAAATACTTCTTTCTTTGACCCTGCAGGAGGGGGAGACCCTATTCTCTACCAGCATCTTTTC,https://github.com/arms-mbon/documentation/tree/main/standard_operating_procedures/ARMS_MolecularSOPs_v1.0.pdf | https://hariszaf.github.io/pema_documentation/ | https://github.com/arms-mbon/analysis_release_001/tree/main/parameter_files,COI,GGWACWGGWTGAACWGTWTAYCCYCC,mlCOIintF,TAIACYTCIGGRTGICCRAARAAYCA,jgHCO2198,Hardy et al. 2010 https://onlinelibrary.wiley.com/doi/10.1111/j.1365-294X.2009.04411.x,paired,MiSeq,RDP classifier; confidence cutoff 0.8; ref db Midori v2|PEMA v2.1.4 https://github.com/hariszaf/pema ; https://github.com/arms-mbon/analysis_release_001/tree/main/parameter_files |Midori v2|swarm2; d = 10,Midori v2,swarm2; d = 10
ARMS_Gdynia_GDY1_20180813_20191029_SF38_DMSO_r1:ASV_3:71edd7e83e90fa0a4e77e6ac446429f3dc04d750,marine benthic biome [ENVO_01000024]; marine park area [ENVO:00000362],rocky reef [ENVO:00000130],marine subtidal rocky reef biome [ENVO:01000050],TCTTTCTTCTAATATTGCCCACAGAGGATCCTCTGTAGATATGGCAATTTTTTCACTACATCTAGCGGGAGTATCCTCAATCCTTGGGGCCATTAACTTCATAACTACAGTAATGAATATACGAAGAGCCTCAATATCTTTCGCTCGAATCCCGCTATTTGTATGAGCCGTATTTATTACGGCGCTCTTATTACTACTATCACTACCCGTGCTAGCCGGAGCCATTACAATACTGTTAACAGATCGAAATTTAAACACTACTTTCTTTGACCCCGCAGGAGGTGGTGATCCAATTCTATACCAACATTTATTC,https://github.com/arms-mbon/documentation/tree/main/standard_operating_procedures/ARMS_MolecularSOPs_v1.0.pdf | https://hariszaf.github.io/pema_documentation/ | https://github.com/arms-mbon/analysis_release_001/tree/main/parameter_files,COI,GGWACWGGWTGAACWGTWTAYCCYCC,mlCOIintF,TAIACYTCIGGRTGICCRAARAAYCA,jgHCO2198,Hardy et al. 2010 https://onlinelibrary.wiley.com/doi/10.1111/j.1365-294X.2009.04411.x,paired,MiSeq,RDP classifier; confidence cutoff 0.8; ref db Midori v2|PEMA v2.1.4 https://github.com/hariszaf/pema ; https://github.com/arms-mbon/analysis_release_001/tree/main/parameter_files |Midori v2|swarm2; d = 10,Midori v2,swarm2; d = 10
ARMS_Gdynia_GDY1_20180813_20191029_SF38_DMSO_r1:ASV_4:260d20041453d226d2dbfd84fb50489f70d1bafd,marine benthic biome [ENVO_01000024]; marine park area [ENVO:00000362],rocky reef [ENVO:00000130],marine subtidal rocky reef biome [ENVO:01000050],TTTAAGTGGTATTCAAGCTCACTCGGGTCCTTCCGTGGATTTAGCTATCTTTAGTCTTCACCTATCAGGAGCAGCCTCTATTTTGGGTGCAATAAATTTTATCACTACCATATTTAACATGCGTGCTCCTGGTATGACTATGGATAGACTACCTCTTTTTGTTTGGTCTGTTTTAATCACAGCTTTTTTATTGTTGTTGTCTCTTCCTGTATTAGCGGGGGGTATTACAATGTTGTTAACGGATCGTAATTTCAATACTACGTTTTTTGATCCTGCTGGTGGTGGCGATCCGGTGTTATACCAACATTTATTT,https://github.com/arms-mbon/documentation/tree/main/standard_operating_procedures/ARMS_MolecularSOPs_v1.0.pdf | https://hariszaf.github.io/pema_documentation/ | https://github.com/arms-mbon/analysis_release_001/tree/main/parameter_files,COI,GGWACWGGWTGAACWGTWTAYCCYCC,mlCOIintF,TAIACYTCIGGRTGICCRAARAAYCA,jgHCO2198,Hardy et al. 2010 https://onlinelibrary.wiley.com/doi/10.1111/j.1365-294X.2009.04411.x,paired,MiSeq,RDP classifier; confidence cutoff 0.8; ref db Midori v2|PEMA v2.1.4 https://github.com/hariszaf/pema ; https://github.com/arms-mbon/analysis_release_001/tree/main/parameter_files |Midori v2|swarm2; d = 10,Midori v2,swarm2; d = 10
ARMS_Gdynia_GDY1_20180813_20191029_SF38_DMSO_r1:ASV_5:7bb9a2005c9cb37888b0847a0e9636e34c1de988,marine benthic biome [ENVO_01000024]; marine park area [ENVO:00000362],rocky reef [ENVO:00000130],marine subtidal rocky reef biome [ENVO:01000050],ATTGTCTAGTATTACAGCACACTCGGGTGGAGCTGTTGATTTAGCAATTTTTAGTTTGCATGTATCAGGAGCTTCATCTATTTTAGGTGCAATTAATTTTATTTGTACTATTTTCAACATGCGTGTAAAAAGTTTATCATTTCATAAACTACCTTTATTCGTTTGGTCTGTATTAATAACAGCAGTTTTACTATTATTGTCATTACCTGTGCTAGCGGGTGCGATCACAATGCTGCTGACAGATCGTAACTTTAATACCACTTTTTTTGATCCAGCAGGAGGTGGAGATCCAGTGCTTTACCAGCATCTTTTC,https://github.com/arms-mbon/documentation/tree/main/standard_operating_procedures/ARMS_MolecularSOPs_v1.0.pdf | https://hariszaf.github.io/pema_documentation/ | https://github.com/arms-mbon/analysis_release_001/tree/main/parameter_files,COI,GGWACWGGWTGAACWGTWTAYCCYCC,mlCOIintF,TAIACYTCIGGRTGICCRAARAAYCA,jgHCO2198,Hardy et al. 2010 https://onlinelibrary.wiley.com/doi/10.1111/j.1365-294X.2009.04411.x,paired,MiSeq,RDP classifier; confidence cutoff 0.8; ref db Midori v2|PEMA v2.1.4 https://github.com/hariszaf/pema ; https://github.com/arms-mbon/analysis_release_001/tree/main/parameter_files |Midori v2|swarm2; d = 10,Midori v2,swarm2; d = 10
ARMS_Gdynia_GDY1_20180813_20191029_SF38_DMSO_r1:ASV_6:5c155ca8dc42252a43aa107c89f259d28446a828,marine benthic biome [ENVO_01000024]; marine park area [ENVO:00000362],rocky reef [ENVO:00000130],marine subtidal rocky reef biome [ENVO:01000050],TTTAAGAGCAGCTCTAGCTCATGGCGGAGGAGCAGTAGATTTAGCTATTTTTTCATTACATTTAGCTGGAGCTTCTTCTATTTTAGGAGCTATTAATTTTATCTCTACAGTTATTAATATACGAACTAGAGGTATATATATAGACCGAGTCCCTCTATTTGTTTGGTCTGTATTTATTACAGCTATTCTTCTTCTTCTATCTTTACCTGTATTAGCAGGAGCTATTACAATACTATTAACTGATCGAAACATTAACACATCATTTTTTGACCCTTTGGGGGGAGGAGACCCTATCCTCTACCAACATTTATTC,https://github.com/arms-mbon/documentation/tree/main/standard_operating_procedures/ARMS_MolecularSOPs_v1.0.pdf | https://hariszaf.github.io/pema_documentation/ | https://github.com/arms-mbon/analysis_release_001/tree/main/parameter_files,COI,GGWACWGGWTGAACWGTWTAYCCYCC,mlCOIintF,TAIACYTCIGGRTGICCRAARAAYCA,jgHCO2198,Hardy et al. 2010 https://onlinelibrary.wiley.com/doi/10.1111/j.1365-294X.2009.04411.x,paired,MiSeq,RDP classifier; confidence cutoff 0.8; ref db Midori v2|PEMA v2.1.4 https://github.com/hariszaf/pema ; https://github.com/arms-mbon/analysis_release_001/tree/main/parameter_files |Midori v2|swarm2; d = 10,Midori v2,swarm2; d = 10
ARMS_Gdynia_GDY1_20180813_20191029_SF38_DMSO_r1:ASV_7:19c652d6aaac34601e839de593b54ea3822ae6d5,marine benthic biome [ENVO_01000024]; marine park area [ENVO:00000362],rocky reef [ENVO:00000130],marine subtidal rocky reef biome [ENVO:01000050],TTTGGCTTCTAATATTGCTCATAGGGGTGCTTCTGTTGATATGGCTATTTTTTCTTTGCATTTGGCTGGTGTATCTTCGATTTTGGGTGCTGTTAATTTTATGACTACTTTTATGAATATGCGTAGTTTTGAGATAACACTTGTGCGGGTTACTTTGTTTTCTTGGTCAGTGTTTATTACTGCTATTTTATTGTTGTTATCTTTACCTGTATTAGCTGGTGGTATTACTATGTTATTGACGGATCGTAATTTGAATACTACTTTTTTTGATCCAGCTGGGGGTGGTGATCCTGTGTTGTATCAACATTTGTTT,https://github.com/arms-mbon/documentation/tree/main/standard_operating_procedures/ARMS_MolecularSOPs_v1.0.pdf | https://hariszaf.github.io/pema_documentation/ | https://github.com/arms-mbon/analysis_release_001/tree/main/parameter_files,COI,GGWACWGGWTGAACWGTWTAYCCYCC,mlCOIintF,TAIACYTCIGGRTGICCRAARAAYCA,jgHCO2198,Hardy et al. 2010 https://onlinelibrary.wiley.com/doi/10.1111/j.1365-294X.2009.04411.x,paired,MiSeq,RDP classifier; confidence cutoff 0.8; ref db Midori v2|PEMA v2.1.4 https://github.com/hariszaf/pema ; https://github.com/arms-mbon/analysis_release_001/tree/main/parameter_files |Midori v2|swarm2; d = 10,Midori v2,swarm2; d = 10
ARMS_Gdynia_GDY1_20180813_20191029_SF38_DMSO_r1:ASV_8:b2ee58bc9603f38862801259724fca49394bbcb0,marine benthic biome [ENVO_01000024]; marine park area [ENVO:00000362],rocky reef [ENVO:00000130],marine subtidal rocky reef biome [ENVO:01000050],TTTAAGTGGTATTTTAGCACATTCTAGTGGTGCAGTAGATTTTGCTATTTTTAGTTTACATTTATCTGGTTTATCTTCTATATTAGGTGCTATCAATTTTATGGTAACTATTTTAAATATGAGAGTACCTGGTTTAAAAATGTCAATGATACCATTATTTGTTTGAAGTGTTTTTATTACTGCTATATTATTATTATTATCTTTACCAGTATTAGCAGCAGCAATAACTATGTTATTAACAGATCGTAATTTTAATACATCATTTTTTGATCCAGCAGGTGGTGGTGATCCTATTTTATATCAACATTTATTT,https://github.com/arms-mbon/documentation/tree/main/standard_operating_procedures/ARMS_MolecularSOPs_v1.0.pdf | https://hariszaf.github.io/pema_documentation/ | https://github.com/arms-mbon/analysis_release_001/tree/main/parameter_files,COI,GGWACWGGWTGAACWGTWTAYCCYCC,mlCOIintF,TAIACYTCIGGRTGICCRAARAAYCA,jgHCO2198,Hardy et al. 2010 https://onlinelibrary.wiley.com/doi/10.1111/j.1365-294X.2009.04411.x,paired,MiSeq,RDP classifier; confidence cutoff 0.8; ref db Midori v2|PEMA v2.1.4 https://github.com/hariszaf/pema ; https://github.com/arms-mbon/analysis_release_001/tree/main/parameter_files |Midori v2|swarm2; d = 10,Midori v2,swarm2; d = 10
ARMS_Gdynia_GDY1_20180813_20191029_SF38_DMSO_r1:ASV_9:c2ad690c541a3bbbb46413aafde49a2956885fcf,marine benthic biome [ENVO_01000024]; marine park area [ENVO:00000362],rocky reef [ENVO:00000130],marine subtidal rocky reef biome [ENVO:01000050],TTTATCGGGAATCATAGCTCACTCAGGCGGTGCTGTAGATCTGGCTATATTCAGTTTACACCTTTCCGGAATATCTTCAATACTAGGTGCTATAAACTTTATATGCACAATAGTAAATATGAGAACAGAAAGCCTGCCTTTCCATAAGCTACCACTGTTTGTTTGGGCAGTTCTTATAACAGCGGTGCTTTTGCTATTGTCGCTACCTGTTCTTGCTGCTGCAATTACGATGCTTCTGACCGATAGAAATTTCAACACTACTTTTTTTGATCCTGTTGGCGGCGGCGACCCTGTACTGTACCAGCACCTGTTT,https://github.com/arms-mbon/documentation/tree/main/standard_operating_procedures/ARMS_MolecularSOPs_v1.0.pdf | https://hariszaf.github.io/pema_documentation/ | https://github.com/arms-mbon/analysis_release_001/tree/main/parameter_files,COI,GGWACWGGWTGAACWGTWTAYCCYCC,mlCOIintF,TAIACYTCIGGRTGICCRAARAAYCA,jgHCO2198,Hardy et al. 2010 https://onlinelibrary.wiley.com/doi/10.1111/j.1365-294X.2009.04411.x,paired,MiSeq,RDP classifier; confidence cutoff 0.8; ref db Midori v2|PEMA v2.1.4 https://github.com/hariszaf/pema ; https://github.com/arms-mbon/analysis_release_001/tree/main/parameter_files |Midori v2|swarm2; d = 10,Midori v2,swarm2; d = 10
ARMS_Gdynia_GDY1_20180813_20191029_SF38_DMSO_r1:ASV_10:7a0f0e9a76ed5d3fa9f765ff8b0140a6d88f9ab3,marine benthic biome [ENVO_01000024]; marine park area [ENVO:00000362],rocky reef [ENVO:00000130],marine subtidal rocky reef biome [ENVO:01000050],TTTATCTGGTGTTTTAGCTCATTCAGGTGGAGCAGTAGAATGTGCTATTTTTAGTTTACATTTAGCTGGTATTTCTTCAATATTGGGTGCACTTAATTTTATAGCAACAGTTATTAATATGAGAGTACCTGGTTTAACTATGTTTAGATTACCATTATTTGTTTGAGCAGTTTTTATAACAGCGTGATTATTATTATTATCTTTACCAGTTTTAGGTGGTGCAATTACAATGTTATTAACTGATAGAAATTTTAATACAACTTTTTTTGAAGTAAATGGTGGTGGTGATCCTGTTTTATTTCAACATTTATTT,https://github.com/arms-mbon/documentation/tree/main/standard_operating_procedures/ARMS_MolecularSOPs_v1.0.pdf | https://hariszaf.github.io/pema_documentation/ | https://github.com/arms-mbon/analysis_release_001/tree/main/parameter_files,COI,GGWACWGGWTGAACWGTWTAYCCYCC,mlCOIintF,TAIACYTCIGGRTGICCRAARAAYCA,jgHCO2198,Hardy et al. 2010 https://onlinelibrary.wiley.com/doi/10.1111/j.1365-294X.2009.04411.x,paired,MiSeq,RDP classifier; confidence cutoff 0.8; ref db Midori v2|PEMA v2.1.4 https://github.com/hariszaf/pema ; https://github.com/arms-mbon/analysis_release_001/tree/main/parameter_files |Midori v2|swarm2; d = 10,Midori v2,swarm2; d = 10
ARMS_Gdynia_GDY1_20180813_20191029_SF38_DMSO_r1:ASV_11:da829038f132c0b5cdf4befab0904ee369561c0c,marine benthic biome [ENVO_01000024]; marine park area [ENVO:00000362],rocky reef [ENVO:00000130],marine subtidal rocky reef biome [ENVO:01000050],TTTAAGTTCAATACAAGCTCATTCTGGAGGTTCAGTAGATATGGCCATATTTAGTCTTCATTTAGCAGGAGCTTCCTCTATTATGGGTGCTATTAACTTTATTACCACTATTTTAAATATGAGAGCCCCTGGTATGACCATGGATAGGATACCTTTATTCGTATGATCTGTATTAGTTACTGCAATCTTATTATTGTTGTCCTTACCCGTATTAGCTGGGGCAATTACCATGTTGTTGACTGATAGAAATTTCAACACATCCTTCTTTGACCCTGCTGGGGGAGGAGATCCAATACTATTCCAACATTTATTT,https://github.com/arms-mbon/documentation/tree/main/standard_operating_procedures/ARMS_MolecularSOPs_v1.0.pdf | https://hariszaf.github.io/pema_documentation/ | https://github.com/arms-mbon/analysis_release_001/tree/main/parameter_files,COI,GGWACWGGWTGAACWGTWTAYCCYCC,mlCOIintF,TAIACYTCIGGRTGICCRAARAAYCA,jgHCO2198,Hardy et al. 2010 https://onlinelibrary.wiley.com/doi/10.1111/j.1365-294X.2009.04411.x,paired,MiSeq,RDP classifier; confidence cutoff 0.8; ref db Midori v2|PEMA v2.1.4 https://github.com/hariszaf/pema ; https://github.com/arms-mbon/analysis_release_001/tree/main/parameter_files |Midori v2|swarm2; d = 10,Midori v2,swarm2; d = 10
ARMS_Gdynia_GDY1_20180813_20191029_SF38_DMSO_r1:ASV_12:4cba4b01a0b7084e64f4d896c0d825a9b0fef37f,marine benthic biome [ENVO_01000024]; marine park area [ENVO:00000362],rocky reef [ENVO:00000130],marine subtidal rocky reef biome [ENVO:01000050],ATTGAGTGCACTTCCTCAGGCAATGTCAGGCTCTGGACTAGGAATGACTTTGTGGTTGGTGGCGATGGCTTTCTTCATTGTAAGTTCATTGCTTGGTGGTATTAATTATATCACCACGGTGATCAATATGAGGACTACAGGGATGTCTTTTTCAAGACTTCCACTTACCATATGGGCATTCTTCTTTACTGCAATCATTGGCGTACTTTCTTTTCCAGTATTGTTCGCAGCTGCGCTCCTTCTAATTTTTGACAGAAGCATGGGGACAAGTTTTTTCTTGTCGGACATCTATATCAATGGTGAGGCACTTGCTAATCAAGGAGGAAGTCCAGTATTGTTCCAGCATTTGTTT,https://github.com/arms-mbon/documentation/tree/main/standard_operating_procedures/ARMS_MolecularSOPs_v1.0.pdf | https://hariszaf.github.io/pema_documentation/ | https://github.com/arms-mbon/analysis_release_001/tree/main/parameter_files,COI,GGWACWGGWTGAACWGTWTAYCCYCC,mlCOIintF,TAIACYTCIGGRTGICCRAARAAYCA,jgHCO2198,Hardy et al. 2010 https://onlinelibrary.wiley.com/doi/10.1111/j.1365-294X.2009.04411.x,paired,MiSeq,RDP classifier; confidence cutoff 0.8; ref db Midori v2|PEMA v2.1.4 https://github.com/hariszaf/pema ; https://github.com/arms-mbon/analysis_release_001/tree/main/parameter_files |Midori v2|swarm2; d = 10,Midori v2,swarm2; d = 10
ARMS_Gdynia_GDY1_20180813_20191029_SF38_DMSO_r1:ASV_13:5be2c74174a7898b3122cd62773d2849c6361550,marine benthic biome [ENVO_01000024]; marine park area [ENVO:00000362],rocky reef [ENVO:00000130],marine subtidal rocky reef biome [ENVO:01000050],TTTGAGTTCGATACAGAGCCATTCAGGAGGTGCTGTTGACTTAGCTATTTTTAGTTTACACCTTTCTGGAGCAGCATCTATCTTAGGAGCTATAAACTTTATTTCTACAATTTTAAATATGCGAAATCCTGGACAAACTATGTACAGAATGCCTTTATTTGTGTGATCTATTTTTGTGACAGCTTTACTATTACTTTTAGCAGTTCCAGTTTTAGCAGGTGCAATTACTATGTTATTAACTGATCGCAACTTTAATACTTCTTTTTTTGACCCAGCCGGCGGAGGTGATCCCGTATTGTACCAACATTTATTT,https://github.com/arms-mbon/documentation/tree/main/standard_operating_procedures/ARMS_MolecularSOPs_v1.0.pdf | https://hariszaf.github.io/pema_documentation/ | https://github.com/arms-mbon/analysis_release_001/tree/main/parameter_files,COI,GGWACWGGWTGAACWGTWTAYCCYCC,mlCOIintF,TAIACYTCIGGRTGICCRAARAAYCA,jgHCO2198,Hardy et al. 2010 https://onlinelibrary.wiley.com/doi/10.1111/j.1365-294X.2009.04411.x,paired,MiSeq,RDP classifier; confidence cutoff 0.8; ref db Midori v2|PEMA v2.1.4 https://github.com/hariszaf/pema ; https://github.com/arms-mbon/analysis_release_001/tree/main/parameter_files |Midori v2|swarm2; d = 10,Midori v2,swarm2; d = 10
ARMS_Gdynia_GDY1_20180813_20191029_SF38_DMSO_r1:ASV_14:7b2f8fe62612464063e8164e3c431d76c8fe3cbc,marine benthic biome [ENVO_01000024]; marine park area [ENVO:00000362],rocky reef [ENVO:00000130],marine subtidal rocky reef biome [ENVO:01000050],TTTATCAAGTATAGAAAGTCATTCAGGTGGTTCTGTAGATTTGGCTATTTTTAGTTTACATTTAGCAGGTGCTTCTTCAATTCTAGGAGCAATGAATTTTATTACAACTGTAATAAATATGAGATCTCCTGGTTTAAAAATGCATAGAATACCTTTATTTGTTTGAGCTGTATTTATAACTGCTTTTTTATTATTGTTATCTTTACCAGTATTAGCAGGTGCTATAACTATGTTGTTAACTGATAGAAACTTTAATACAACTTTTTTTGATCCAGCAGGTGGTGGTGATCCAATTTTATATCAACATTTATTT,https://github.com/arms-mbon/documentation/tree/main/standard_operating_procedures/ARMS_MolecularSOPs_v1.0.pdf | https://hariszaf.github.io/pema_documentation/ | https://github.com/arms-mbon/analysis_release_001/tree/main/parameter_files,COI,GGWACWGGWTGAACWGTWTAYCCYCC,mlCOIintF,TAIACYTCIGGRTGICCRAARAAYCA,jgHCO2198,Hardy et al. 2010 https://onlinelibrary.wiley.com/doi/10.1111/j.1365-294X.2009.04411.x,paired,MiSeq,RDP classifier; confidence cutoff 0.8; ref db Midori v2|PEMA v2.1.4 https://github.com/hariszaf/pema ; https://github.com/arms-mbon/analysis_release_001/tree/main/parameter_files |Midori v2|swarm2; d = 10,Midori v2,swarm2; d = 10
ARMS_Gdynia_GDY1_20180813_20191029_SF38_DMSO_r1:ASV_15:91bbdc80ad5770d03149ce084d1082d6223a8deb,marine benthic biome [ENVO_01000024]; marine park area [ENVO:00000362],rocky reef [ENVO:00000130],marine subtidal rocky reef biome [ENVO:01000050],ATTAAGTTCTATTCAAAGCCACTCCGGTGCTGCTGTTGACTTAGCAATTTTTAGTTTGCATATTTCCGGTGCTTCGTCCATCTTAGGGGCAGTTAACTTTATCTCCACAATTATTAATATGCGTAATCCTGGGCAAAGTATGTACCGTATCCCACTTTTTGTATGATCAATCTTAGTAACCGCTGTTTTACTTTTATTAGCCGTACCGGTGTTAGCAGGTGCAATTACAATGTTGTTAACTGATCGGAACTTTAATACTTCATTTTTTGATCCATCAGGTGGTGGTGACCCAATCCTTTATCAACATTTATTT,https://github.com/arms-mbon/documentation/tree/main/standard_operating_procedures/ARMS_MolecularSOPs_v1.0.pdf | https://hariszaf.github.io/pema_documentation/ | https://github.com/arms-mbon/analysis_release_001/tree/main/parameter_files,COI,GGWACWGGWTGAACWGTWTAYCCYCC,mlCOIintF,TAIACYTCIGGRTGICCRAARAAYCA,jgHCO2198,Hardy et al. 2010 https://onlinelibrary.wiley.com/doi/10.1111/j.1365-294X.2009.04411.x,paired,MiSeq,RDP classifier; confidence cutoff 0.8; ref db Midori v2|PEMA v2.1.4 https://github.com/hariszaf/pema ; https://github.com/arms-mbon/analysis_release_001/tree/main/parameter_files |Midori v2|swarm2; d = 10,Midori v2,swarm2; d = 10
ARMS_Gdynia_GDY1_20180813_20191029_SF38_DMSO_r1:ASV_16:b7d68a11638c4b6b6c980ca8c0f9e0ec889272e8,marine benthic biome [ENVO_01000024]; marine park area [ENVO:00000362],rocky reef [ENVO:00000130],marine subtidal rocky reef biome [ENVO:01000050],ACTATCAAGTGCTCAAGCTCATTCAGGACCTTCAGTAGATTTAGCAATTTTTAGTTTACATATCGCAGGGGTTTCTTCTATTTTAGGTGCTATTAATTTTATAGTAACTATTTTTAATATGCGTGCTCCAGGAATGTTCATGCATAAATTACCTTTATATGTTTGAGCTGTATTAATTACTGCATTTTTACTTTTATTATCATTACCTGTATTTGCTGGTGCAATTACAATGTTATTAACTGATAGAAACTTTAATACAAGCTTTTATGATCCAGCTGGAGGTGGAGATCCTGTATTATATCAACATTTATTC,https://github.com/arms-mbon/documentation/tree/main/standard_operating_procedures/ARMS_MolecularSOPs_v1.0.pdf | https://hariszaf.github.io/pema_documentation/ | https://github.com/arms-mbon/analysis_release_001/tree/main/parameter_files,COI,GGWACWGGWTGAACWGTWTAYCCYCC,mlCOIintF,TAIACYTCIGGRTGICCRAARAAYCA,jgHCO2198,Hardy et al. 2010 https://onlinelibrary.wiley.com/doi/10.1111/j.1365-294X.2009.04411.x,paired,MiSeq,RDP classifier; confidence cutoff 0.8; ref db Midori v2|PEMA v2.1.4 https://github.com/hariszaf/pema ; https://github.com/arms-mbon/analysis_release_001/tree/main/parameter_files |Midori v2|swarm2; d = 10,Midori v2,swarm2; d = 10
ARMS_Gdynia_GDY1_20180813_20191029_SF38_DMSO_r1:ASV_17:19c6ad736c20696dc63c3030d3e3a6075d01064b,marine benthic biome [ENVO_01000024]; marine park area [ENVO:00000362],rocky reef [ENVO:00000130],marine subtidal rocky reef biome [ENVO:01000050],ATTGTCTAGTATTACAGCGCACTCAGGTGGAGCTGTTGATTTAGCAATTTTTAGTTTGCATGTCTCAGGAGCTTCATCTATTTTAGGTGCAATTAATTTTATTTGTACTATTTTCAACATGCGTGTAAAGAGTTTATCATTTCATAAACTACCTTTATTCGTTTGGGCTGTATTAATAACAGCGGTTTTATTATTACTGTCATTACCTGTGCTAGCTGGTGCAATCACGATGCTTCTGACCGATCGTAATTTTAATACGACTTTTTTTGATCCAGCAGGAGGTGGAGACCCAGTGCTCTACCAGCACCTTTTC,https://github.com/arms-mbon/documentation/tree/main/standard_operating_procedures/ARMS_MolecularSOPs_v1.0.pdf | https://hariszaf.github.io/pema_documentation/ | https://github.com/arms-mbon/analysis_release_001/tree/main/parameter_files,COI,GGWACWGGWTGAACWGTWTAYCCYCC,mlCOIintF,TAIACYTCIGGRTGICCRAARAAYCA,jgHCO2198,Hardy et al. 2010 https://onlinelibrary.wiley.com/doi/10.1111/j.1365-294X.2009.04411.x,paired,MiSeq,RDP classifier; confidence cutoff 0.8; ref db Midori v2|PEMA v2.1.4 https://github.com/hariszaf/pema ; https://github.com/arms-mbon/analysis_release_001/tree/main/parameter_files |Midori v2|swarm2; d = 10,Midori v2,swarm2; d = 10
ARMS_Gdynia_GDY1_20180813_20191029_SF38_DMSO_r1:ASV_18:3f52f35119be660290ad8c94cdbd98ff3967e0ec,marine benthic biome [ENVO_01000024]; marine park area [ENVO:00000362],rocky reef [ENVO:00000130],marine subtidal rocky reef biome [ENVO:01000050],ATTATCTAGTATTACTGCACACTCCGGAGGTTCTGTAGACTTAGCAATTTTTAGTTTACACCTTTCTGGTGCGGCTTCAATTTTAGGAGCTATCAACTTTATTTGTACTATTACAAATATGAGAGCTAAAAACTTACCATTTCATAGATTACCTTTATTTGTTTGGGCAATATTCATTACCGCATTTTTATTACTTTTATCATTACCAGTACTTGCTGGTGGAATTACCATGCTATTAACTGATCGTAATTTTAACACTACTTTTTTCGACCCTGCTGGTGGTGGTGATCCAGTACTATACCAACATTTATTT,https://github.com/arms-mbon/documentation/tree/main/standard_operating_procedures/ARMS_MolecularSOPs_v1.0.pdf | https://hariszaf.github.io/pema_documentation/ | https://github.com/arms-mbon/analysis_release_001/tree/main/parameter_files,COI,GGWACWGGWTGAACWGTWTAYCCYCC,mlCOIintF,TAIACYTCIGGRTGICCRAARAAYCA,jgHCO2198,Hardy et al. 2010 https://onlinelibrary.wiley.com/doi/10.1111/j.1365-294X.2009.04411.x,paired,MiSeq,RDP classifier; confidence cutoff 0.8; ref db Midori v2|PEMA v2.1.4 https://github.com/hariszaf/pema ; https://github.com/arms-mbon/analysis_release_001/tree/main/parameter_files |Midori v2|swarm2; d = 10,Midori v2,swarm2; d = 10
ARMS_Gdynia_GDY1_20180813_20191029_SF38_DMSO_r1:ASV_19:6c0543c83361e62759a5bc5183e12a912565466a,marine benthic biome [ENVO_01000024]; marine park area [ENVO:00000362],rocky reef [ENVO:00000130],marine subtidal rocky reef biome [ENVO:01000050],TCTAAGTGGGATTCAGGCCCACTCGGGTCCTTCTGTAGATTTAGCTATATTTAGTCTTCACTTGTCAGGTGCAGCTTCTATTTTAGGGGCCATAAATTTTATTACAACTATCTTTAACATGCGTGCCCCTGGTATGACTATGGATCGATTACCTCTTTTTGTATGGTCGGTTTTAATTACAGCTTTTTTATTGTTATTATCTCTTCCCGTTTTAGCTGGTGGTATTACAATGTTATTAACTGATAGAAATTTTAATACTACTTTTTTTGATCCTGCTGGGGGAGGAGATCCAGTATTATACCAGCATTTATTC,https://github.com/arms-mbon/documentation/tree/main/standard_operating_procedures/ARMS_MolecularSOPs_v1.0.pdf | https://hariszaf.github.io/pema_documentation/ | https://github.com/arms-mbon/analysis_release_001/tree/main/parameter_files,COI,GGWACWGGWTGAACWGTWTAYCCYCC,mlCOIintF,TAIACYTCIGGRTGICCRAARAAYCA,jgHCO2198,Hardy et al. 2010 https://onlinelibrary.wiley.com/doi/10.1111/j.1365-294X.2009.04411.x,paired,MiSeq,RDP classifier; confidence cutoff 0.8; ref db Midori v2|PEMA v2.1.4 https://github.com/hariszaf/pema ; https://github.com/arms-mbon/analysis_release_001/tree/main/parameter_files |Midori v2|swarm2; d = 10,Midori v2,swarm2; d = 10
ARMS_Gdynia_GDY1_20180813_20191029_SF38_DMSO_r1:ASV_20:9703814161148997c5d4c1599f0a53a2ee33fdc6,marine benthic biome [ENVO_01000024]; marine park area [ENVO:00000362],rocky reef [ENVO:00000130],marine subtidal rocky reef biome [ENVO:01000050],CTTATCTGCGTTGCCGCAGGCCATTCCGGGATCTGGATTAGGAATGACACTTTGGCTTGTATCAATGGTACTATTCATTGTATCGGCTCTTTTAGGGGGTATAAATTATGTTGCTACTGTAATTAACCTTCGCACAAAAGGGATGTCGATGACACGCTTACCTCTTACTGTTTGGGCTTTCCTTATTACGGCTATACTTGGAATTTTATCATTCCCTGTTTTAGTAGCTGCTGCATTATTGCTTGTGTTCGACCGAAGTATGGGTACAAGTTTTTACTTATCGGATATATTTATTGGTGGAGTGCCATTAGAATATGCCGGTGGTAGCCCGATATTGTTCCAGCATTTATTT,https://github.com/arms-mbon/documentation/tree/main/standard_operating_procedures/ARMS_MolecularSOPs_v1.0.pdf | https://hariszaf.github.io/pema_documentation/ | https://github.com/arms-mbon/analysis_release_001/tree/main/parameter_files,COI,GGWACWGGWTGAACWGTWTAYCCYCC,mlCOIintF,TAIACYTCIGGRTGICCRAARAAYCA,jgHCO2198,Hardy et al. 2010 https://onlinelibrary.wiley.com/doi/10.1111/j.1365-294X.2009.04411.x,paired,MiSeq,RDP classifier; confidence cutoff 0.8; ref db Midori v2|PEMA v2.1.4 https://github.com/hariszaf/pema ; https://github.com/arms-mbon/analysis_release_001/tree/main/parameter_files |Midori v2|swarm2; d = 10,Midori v2,swarm2; d = 10
ARMS_Gdynia_GDY1_20180813_20191029_SF38_DMSO_r1:ASV_21:e34ebcf998ace44fc50148dd6c1f7023a6becbbb,marine benthic biome [ENVO_01000024]; marine park area [ENVO:00000362],rocky reef [ENVO:00000130],marine subtidal rocky reef biome [ENVO:01000050],TCTTTCAGGTATAATAGCTCACTCTGGTGGAGCAGTTGATTTAGCTATTTTCAGTTTACACCTTTCAGGTGCTGCTTCTATTTTAGGTGCGATTAATTTTATTTGTACTATTGTAAATATGAGGACTGATAGTTTACCATTTCATAAATTACCTTTATTTGTTTGGTCAGTTTTTCTGACAGCAATTCTTTTATTATTATCTTTACCTGTATTGGCGGGTGCTATTACTATGTTATTAACAGATAGAAATTTTAATACTACATTTTTTGATCCTGCGGGAGGTGGTGATCCTGTGCTTTACCAGCATTTATTC,https://github.com/arms-mbon/documentation/tree/main/standard_operating_procedures/ARMS_MolecularSOPs_v1.0.pdf | https://hariszaf.github.io/pema_documentation/ | https://github.com/arms-mbon/analysis_release_001/tree/main/parameter_files,COI,GGWACWGGWTGAACWGTWTAYCCYCC,mlCOIintF,TAIACYTCIGGRTGICCRAARAAYCA,jgHCO2198,Hardy et al. 2010 https://onlinelibrary.wiley.com/doi/10.1111/j.1365-294X.2009.04411.x,paired,MiSeq,RDP classifier; confidence cutoff 0.8; ref db Midori v2|PEMA v2.1.4 https://github.com/hariszaf/pema ; https://github.com/arms-mbon/analysis_release_001/tree/main/parameter_files |Midori v2|swarm2; d = 10,Midori v2,swarm2; d = 10
ARMS_Gdynia_GDY1_20180813_20191029_SF38_DMSO_r1:ASV_22:eb1d9dea1bb823b42de061a31e007f2e28a1c243,marine benthic biome [ENVO_01000024]; marine park area [ENVO:00000362],rocky reef [ENVO:00000130],marine subtidal rocky reef biome [ENVO:01000050],CCTAAGTTCATTTATTTATCATTCATCTTTGTCTGTTGATATAGTTATTTTTTCTTTACATTTAGCTGGAATTAGATCGATTTTAAGAAGAATTAATTTTCTTAGATCTATAATAATAATACGCATAATAAGAATAACAATAGAACGATCTTCTCTATATATTTGAGCTATTATAATTACAACTTTTTTACTTATTTTATCATTACCAGTATTAGCAAGAGCTATCACAATACTATTAACTGATCGAAATATTAATACAACATTTTTTGACCCTTCAGGAGGGGGGGACCCAATTCTTTTTGAAAGATTATTT,https://github.com/arms-mbon/documentation/tree/main/standard_operating_procedures/ARMS_MolecularSOPs_v1.0.pdf | https://hariszaf.github.io/pema_documentation/ | https://github.com/arms-mbon/analysis_release_001/tree/main/parameter_files,COI,GGWACWGGWTGAACWGTWTAYCCYCC,mlCOIintF,TAIACYTCIGGRTGICCRAARAAYCA,jgHCO2198,Hardy et al. 2010 https://onlinelibrary.wiley.com/doi/10.1111/j.1365-294X.2009.04411.x,paired,MiSeq,RDP classifier; confidence cutoff 0.8; ref db Midori v2|PEMA v2.1.4 https://github.com/hariszaf/pema ; https://github.com/arms-mbon/analysis_release_001/tree/main/parameter_files |Midori v2|swarm2; d = 10,Midori v2,swarm2; d = 10
ARMS_Gdynia_GDY1_20180813_20191029_SF38_DMSO_r1:ASV_26:096a556aaec0b91002830fc65a5c8e2aacd689fd,marine benthic biome [ENVO_01000024]; marine park area [ENVO:00000362],rocky reef [ENVO:00000130],marine subtidal rocky reef biome [ENVO:01000050],TTTATCAAGTATTACAGGTCACTCTGGAGGAGCTGTAGATCTAGCAATATTCAGTCTACATTTATCTGGAGCAGCGTTTATTTTAGGTGCTATTAATTTTATTTGTACTATTACAAATATGAGATCAAAAAGTTTACCGTTTCATAGATTGCCTTTTTTTGATCCTGCTGGTGGTGGGAGATCCTGTACTTTATCAACACTTGTTT,https://github.com/arms-mbon/documentation/tree/main/standard_operating_procedures/ARMS_MolecularSOPs_v1.0.pdf | https://hariszaf.github.io/pema_documentation/ | https://github.com/arms-mbon/analysis_release_001/tree/main/parameter_files,COI,GGWACWGGWTGAACWGTWTAYCCYCC,mlCOIintF,TAIACYTCIGGRTGICCRAARAAYCA,jgHCO2198,Hardy et al. 2010 https://onlinelibrary.wiley.com/doi/10.1111/j.1365-294X.2009.04411.x,paired,MiSeq,RDP classifier; confidence cutoff 0.8; ref db Midori v2|PEMA v2.1.4 https://github.com/hariszaf/pema ; https://github.com/arms-mbon/analysis_release_001/tree/main/parameter_files |Midori v2|swarm2; d = 10,Midori v2,swarm2; d = 10
ARMS_Gdynia_GDY1_20180813_20191029_SF38_DMSO_r1:ASV_28:0cc68c51f13eb7d7792a7e810ff016ee250ddf8a,marine benthic biome [ENVO_01000024]; marine park area [ENVO:00000362],rocky reef [ENVO:00000130],marine subtidal rocky reef biome [ENVO:01000050],ATTAGCTAGAAATATTGCTCATGCCGGTCCATCAGTAGACCTTGCAATTTTCTCACTTCATTTAGCAGGAGTCTCATCTATTTTAGGAGCCCTAAACTTTATTACCACAGTTATTAATATACGATCTAAAGGCCTACGCCTTGAACGAGTCCCTTTATTCGTATGATCTGTAATAATTACAGCTATTCTACTACTACTCAGGTTACCCGTATTAGCTGGAGCAATTACTATACTTTTAACTGACCGAAATTTAAACACAGCATTCCTTGACCCAGCTGGTGGTGGAGACCCCATCCTTTACCAACACCTCTTC,https://github.com/arms-mbon/documentation/tree/main/standard_operating_procedures/ARMS_MolecularSOPs_v1.0.pdf | https://hariszaf.github.io/pema_documentation/ | https://github.com/arms-mbon/analysis_release_001/tree/main/parameter_files,COI,GGWACWGGWTGAACWGTWTAYCCYCC,mlCOIintF,TAIACYTCIGGRTGICCRAARAAYCA,jgHCO2198,Hardy et al. 2010 https://onlinelibrary.wiley.com/doi/10.1111/j.1365-294X.2009.04411.x,paired,MiSeq,RDP classifier; confidence cutoff 0.8; ref db Midori v2|PEMA v2.1.4 https://github.com/hariszaf/pema ; https://github.com/arms-mbon/analysis_release_001/tree/main/parameter_files |Midori v2|swarm2; d = 10,Midori v2,swarm2; d = 10
ARMS_Gdynia_GDY1_20180813_20191029_SF38_DMSO_r1:ASV_34:2477888e226b3a6c8036dc8d573a2c2cb349f0a6,marine benthic biome [ENVO_01000024]; marine park area [ENVO:00000362],rocky reef [ENVO:00000130],marine subtidal rocky reef biome [ENVO:01000050],ATTAAGTGGGATTCAAGCTCATTCAGGTCCTTCTGTTGACTTAGCTATATTTAGTCTTCATTTATCAGGTGCAGCTTCTATTTTAGGGGCTATAAATTTTATTACAACTATTTTTAATATGCGTGCTCCTGGTATGACCATGGACCGAGTACCTCTTTTTGTATGGTCTGTTTTAATCACAGCTTTTTTATTGTTGTTATCTCTTCCTGTTTTAGCCGGTGGTATTACAATGCTATTAACCGATAGAAATTTTAATACTACTTTTTTTGATCCTGCAGGTGGAGGAGATCCAGTGTTATACCAACATTTATTT,https://github.com/arms-mbon/documentation/tree/main/standard_operating_procedures/ARMS_MolecularSOPs_v1.0.pdf | https://hariszaf.github.io/pema_documentation/ | https://github.com/arms-mbon/analysis_release_001/tree/main/parameter_files,COI,GGWACWGGWTGAACWGTWTAYCCYCC,mlCOIintF,TAIACYTCIGGRTGICCRAARAAYCA,jgHCO2198,Hardy et al. 2010 https://onlinelibrary.wiley.com/doi/10.1111/j.1365-294X.2009.04411.x,paired,MiSeq,RDP classifier; confidence cutoff 0.8; ref db Midori v2|PEMA v2.1.4 https://github.com/hariszaf/pema ; https://github.com/arms-mbon/analysis_release_001/tree/main/parameter_files |Midori v2|swarm2; d = 10,Midori v2,swarm2; d = 10
ARMS_Gdynia_GDY1_20180813_20191029_SF38_DMSO_r1:ASV_35:28785a1a76f9d82d3a345daa6e0f20a390926789,marine benthic biome [ENVO_01000024]; marine park area [ENVO:00000362],rocky reef [ENVO:00000130],marine subtidal rocky reef biome [ENVO:01000050],ATTAGCAGGAAATATTGCACATTCTGGTGGATCTGTTGATGTAGCAATTTTTAGTTTACATATAGCAGGTATTGCTTCTATTACTGGTTCAATAAATTTTATTTGTACTATATTAAATATGCGTGCTCCTGGTTTATATATGTATAAATTACCTTTATTTGTCTGAGCAGTATTAATAACATCTGTTTTATTATTATTATCATTACCAGTATTAGCTGGTGCTATAACAATGTTATTAACTGATAGAAATTTTAATACTTCATTTTTTAGACCAGAAGCTGGTGGTGATATAATTTTATATCAACATTTATTT,https://github.com/arms-mbon/documentation/tree/main/standard_operating_procedures/ARMS_MolecularSOPs_v1.0.pdf | https://hariszaf.github.io/pema_documentation/ | https://github.com/arms-mbon/analysis_release_001/tree/main/parameter_files,COI,GGWACWGGWTGAACWGTWTAYCCYCC,mlCOIintF,TAIACYTCIGGRTGICCRAARAAYCA,jgHCO2198,Hardy et al. 2010 https://onlinelibrary.wiley.com/doi/10.1111/j.1365-294X.2009.04411.x,paired,MiSeq,RDP classifier; confidence cutoff 0.8; ref db Midori v2|PEMA v2.1.4 https://github.com/hariszaf/pema ; https://github.com/arms-mbon/analysis_release_001/tree/main/parameter_files |Midori v2|swarm2; d = 10,Midori v2,swarm2; d = 10
ARMS_Gdynia_GDY1_20180813_20191029_SF38_DMSO_r1:ASV_39:33aeff78417cc85f99378380026cef8a9997851c,marine benthic biome [ENVO_01000024]; marine park area [ENVO:00000362],rocky reef [ENVO:00000130],marine subtidal rocky reef biome [ENVO:01000050],ATTATCAAATTCTGTTTATCATTTTGGAGGTTCAATTGATTTAGCTATTTTTAGTCTTCATGTAGCTGGAGTATCTTCAATTTTAGCTAGAATTAATTTTATTACTACTTGTATGAAGGGAAAAATTAGTTACGTTATGAGTTTTGAGTATTTAACTTTGTTTGTATGAGGAATAATTGTTACTAGATTTTTGTTAATTTTAAGGCTTCCAGTATTGGCTGGAGGTATTACTATGTTATTGTTGGATCGTAATTTTGGGGCTTCTTTTTTTGATCCTAGTGGAGGAGGGAATCCTATTTTATATCAGCATTTGTTT,https://github.com/arms-mbon/documentation/tree/main/standard_operating_procedures/ARMS_MolecularSOPs_v1.0.pdf | https://hariszaf.github.io/pema_documentation/ | https://github.com/arms-mbon/analysis_release_001/tree/main/parameter_files,COI,GGWACWGGWTGAACWGTWTAYCCYCC,mlCOIintF,TAIACYTCIGGRTGICCRAARAAYCA,jgHCO2198,Hardy et al. 2010 https://onlinelibrary.wiley.com/doi/10.1111/j.1365-294X.2009.04411.x,paired,MiSeq,RDP classifier; confidence cutoff 0.8; ref db Midori v2|PEMA v2.1.4 https://github.com/hariszaf/pema ; https://github.com/arms-mbon/analysis_release_001/tree/main/parameter_files |Midori v2|swarm2; d = 10,Midori v2,swarm2; d = 10
ARMS_Gdynia_GDY1_20180813_20191029_SF38_DMSO_r1:ASV_52:6ae792544df5265929d1f39dd38202510fb29d95,marine benthic biome [ENVO_01000024]; marine park area [ENVO:00000362],rocky reef [ENVO:00000130],marine subtidal rocky reef biome [ENVO:01000050],ATTGTCTGTATACCCTTATCATAGCGGGCCGAGGATAGATGTTCTTATTGTGTCCTTGCATTTAGCTGGGTTAAGTTCTTTGGTGGGTGCTATTAATTTTGCTAGTACCAACAAAAACATACCAGTTTTAGAGATAAAAGGAGAACGAGCTGAGCTTTATGTCCTAAGGATCAGAGTTACTGCCGTATTGCTAATTATTTCTATTCCGGTTTTAGGAGGGGGTATCACAATAATTCTGTTTGATCGGAATTTTAACACAACATTTTTTGATCCAGCAGGAGGGGGTGACCCTGTCTTGTTTCAACATTTGTTC,https://github.com/arms-mbon/documentation/tree/main/standard_operating_procedures/ARMS_MolecularSOPs_v1.0.pdf | https://hariszaf.github.io/pema_documentation/ | https://github.com/arms-mbon/analysis_release_001/tree/main/parameter_files,COI,GGWACWGGWTGAACWGTWTAYCCYCC,mlCOIintF,TAIACYTCIGGRTGICCRAARAAYCA,jgHCO2198,Hardy et al. 2010 https://onlinelibrary.wiley.com/doi/10.1111/j.1365-294X.2009.04411.x,paired,MiSeq,RDP classifier; confidence cutoff 0.8; ref db Midori v2|PEMA v2.1.4 https://github.com/hariszaf/pema ; https://github.com/arms-mbon/analysis_release_001/tree/main/parameter_files |Midori v2|swarm2; d = 10,Midori v2,swarm2; d = 10
ARMS_Gdynia_GDY1_20180813_20191029_SF38_DMSO_r1:ASV_78:cb5d3e506d6adb1da5dcec648574b03e51ef6c03,marine benthic biome [ENVO_01000024]; marine park area [ENVO:00000362],rocky reef [ENVO:00000130],marine subtidal rocky reef biome [ENVO:01000050],TTGTCAGGCAACCTCGCCCATGCAGGGGCTTCCGTCGACCTCACCATCTTCTCCCTCCACCTAGCAGGTATCTCATCTATTTTAGGAGCCATTAACTTTATTACTACTATTATTAATATGAAACCCCCAGCAATCTCCCAGTATCAGACACCTCTTTTTGTCTGGGCCGTTTTAATTACTGCAGTTCTACTTCTACTATCTTTACCCGTCCTTGCAGCGGGCATTACAATGCTTTTAACAGACCGAAATCTTAATACAACCTTCTTTGACCCTGCAGGAGGGGGAGACCCTATCTTGTACCAACATCTTTTC,https://github.com/arms-mbon/documentation/tree/main/standard_operating_procedures/ARMS_MolecularSOPs_v1.0.pdf | https://hariszaf.github.io/pema_documentation/ | https://github.com/arms-mbon/analysis_release_001/tree/main/parameter_files,COI,GGWACWGGWTGAACWGTWTAYCCYCC,mlCOIintF,TAIACYTCIGGRTGICCRAARAAYCA,jgHCO2198,Hardy et al. 2010 https://onlinelibrary.wiley.com/doi/10.1111/j.1365-294X.2009.04411.x,paired,MiSeq,RDP classifier; confidence cutoff 0.8; ref db Midori v2|PEMA v2.1.4 https://github.com/hariszaf/pema ; https://github.com/arms-mbon/analysis_release_001/tree/main/parameter_files |Midori v2|swarm2; d = 10,Midori v2,swarm2; d = 10
